Date,Site,Location,Tide,Month,T,TSS (mg/L),Salinity,DO (mg/L),NH4 (mgN/L),PO4 (mgP/L),TOC (mgC/L)
10/9/2017,Bến Súc,158,Low tide,10,29.4,11,0.03,5.11,0.225,,3.806
10/9/2017,Bến Súc,158,High tide,10,30,18,0.03,5.11,0.225,,3.89
5/15/2018,Bến Súc ,158,High tide,5,28.6,26,0.03,4.96,0.13,,4.023
10/23/2017,Bến Súc,158,High tide,10,29.7,14,0.03,4.89,0.195,0.102,4.212
12/11/2018,Bến Súc ,158,Low tide,12,28.5,54,,5.97,0.19,0.1,3.792
10/23/2017,Bến Súc,158,Low tide,10,28.8,16,0.03,4.89,0.18,0.094,4.086
7/11/2017,Bến Súc,158,Low tide,7,28.1,29,0.03,3.31,0.2,0.089,3.806
5/15/2018,Bến Súc ,158,Low tide,5,28.9,19,0.03,4.69,0.05,0.08,3.61
1/15/2018,Bến Súc ,158,High tide,1,28.9,24,0.05,5.15,0.18,0.08,3.4
12/11/2018,Bến Súc ,158,High tide,12,28.8,28,,5.43,0.25,0.08,4.59
4/15/2018,Bến Súc ,158,High tide,4,29.4,17,0.03,5.4,0.03,0.08,4.037
11/11/2017,Bến Súc,158,Low tide,11,29.4,49,0.03,4.5,0.082,0.08,3.834
1/15/2018,Bến Súc ,158,Low tide,1,29.3,16,0.05,4.48,0.12,0.08,3.96
1/15/2017,Bến Súc,158,High tide,1,28.2,32,0.03,4.02,0.053,0.078,5.92
7/25/2017,Bến Súc,158,Low tide,7,29.2,17,0.03,4.79,0.123,0.073,4.17
11/11/2017,Bến Súc,158,High tide,11,30,58,0.03,4.21,0.095,0.07,4.17
4/12/2017,Bến Súc,158,Low tide,4,29.2,31,0.03,4.94,0.129,0.068,3.68
3/15/2017,Bến Súc,158,High tide,3,28,71,0.03,5.14,0.076,0.064,3.4
12/6/2017,Bến Súc,158,Low tide,12,28.7,8,0.03,5.17,0.121,0.062,4.128
8/10/2017,Bến Súc,158,Low tide,8,29.1,23,0.03,4.88,0.102,0.062,3.96
4/12/2017,Bến Súc,158,High tide,4,29.3,31,0.03,4.94,0.165,0.061,3.372
12/6/2017,Bến Súc,158,High tide,12,28.1,15,0.03,5.52,0.111,0.06,3.666
7/25/2017,Bến Súc,158,High tide,7,28.4,22,0.04,6.07,0.1,0.058,4.24
3/27/2017,Bến Súc,158,High tide,3,28.4,33,0.03,5.98,0.111,0.056,3.47
4/28/2017,Bến Súc,158,Low tide,4,28.6,48,0.03,6.94,0.034,0.055,3.246
5/29/2017,Bến Súc,158,High tide,5,28.8,62,0.03,5.37,0.311,0.055,3.512
1/2/2017,Bến Súc,158,High tide,1,29.1,67,0.03,4.54,0.112,0.055,3.19
2/26/2017,Bến Súc,158,High tide,2,29.4,76,0.03,3.77,0.045,0.055,3.596
6/26/2017,Bến Súc,158,High tide,6,28.1,34,0.03,5.34,0.026,0.053,3.512
6/12/2017,Bến Súc,158,Low tide,6,28.5,49,0.03,5.24,0.238,0.053,4.156
9/7/2017,Bến Súc,158,Low tide,9,29,18,0.03,4.89,0,0.053,3.638
3/15/2017,Bến Súc,158,Low tide,3,28.2,86,0.03,4.88,0.018,0.053,3.498
11/21/2017,Bến Súc,158,Low tide,11,29.5,17,0.03,3.89,0.062,0.053,4.366
3/16/2018,Bến Súc ,158,High tide,3,29.2,10,0.03,4.86,0.05,0.05,4.275
3/16/2018,Bến Súc ,158,Low tide,3,28.9,10,0.03,5.29,0.04,0.05,4.527
9/22/2017,Bến Súc,158,High tide,9,29.3,82,0.02,4.34,0.199,0.052,3.918
2/26/2017,Bến Súc,158,Low tide,2,28.6,70,0.03,5.14,0.147,0.05,3.372
1/2/2017,Bến Súc,158,Low tide,1,28.4,46,0.03,4.6,0.076,0.05,4.59
4/15/2018,Bến Súc ,158,Low tide,4,29.4,16,0.03,6,0.02,0.05,4.156
9/12/2018,Bến Súc ,158,Low tide,9,28.5,24,0.04,4.64,0.16,0.05,3.946
8/10/2017,Bến Súc,158,High tide,8,29.5,37,0.03,6.07,0.091,0.047,3.498
9/7/2017,Bến Súc,158,High tide,9,28.8,25,0.03,5.32,0.041,0.046,3.848
5/29/2017,Bến Súc,158,Low tide,5,29.5,53,0.03,4.72,0.167,0.046,3.47
5/15/2017,Bến Súc,158,Low tide,5,28.4,52,0.03,3.44,0.103,0.046,4.128
2/12/2017,Bến Súc,158,High tide,2,29.5,34,0.03,,0.093,0.045,3.498
3/27/2017,Bến Súc,158,Low tide,3,29.1,82,0.03,6.59,0.001,0.044,3.47
6/12/2017,Bến Súc,158,High tide,6,30,52,0.03,5.3,0.009,0.044,3.652
11/21/2017,Bến Súc,158,High tide,11,29.2,24,0.03,3.99,0.064,0.042,3.736
9/12/2018,Bến Súc ,158,High tide,9,29,29,0.03,3.75,0.15,0.04,3.47
7/11/2017,Bến Súc,158,High tide,7,30,12,0.03,5.46,0.046,0.038,3.554
4/28/2017,Bến Súc,158,High tide,4,28.6,60,0.03,3.87,0.045,0.038,3.806
2/12/2017,Bến Súc,158,Low tide,2,29.6,29,0.03,,0.025,0.034,3.456
6/26/2017,Bến Súc,158,Low tide,6,29.1,33,0.03,5.65,0.071,0.033,3.932
5/15/2017,Bến Súc,158,High tide,5,29.7,34,0.03,3.83,0.064,0.033,3.498
12/20/2017,Bến Súc,158,Low tide,12,29.5,29,0.08,3.2,0.173,0.031,5.178
10/12/2018,Bến Súc ,158,High tide,10,29.7,32,0.03,5.83,0.08,0.03,4.261
10/12/2018,Bến Súc ,158,Low tide,10,28.9,43,0.04,5.6,0.12,0.03,3.666
2/14/2018,Bến Súc ,158,Low tide,2,28.7,16,0.03,3.85,0.1,0.03,3.715
9/22/2017,Bến Súc,158,Low tide,9,28.7,46,0.03,4.72,0.276,0.03,4.17
2/14/2018,Bến Súc ,158,High tide,2,29.3,13,0.03,5.17,0.09,0.03,3.918
11/11/2018,Bến Súc ,158,Low tide,11,29.5,38,,4.06,0.26,0.03,6.494
11/11/2018,Bến Súc ,158,High tide,11,29.2,71,,4.16,0.06,0.03,4.373
1/15/2017,Bến Súc,158,Low tide,1,28.1,27,0.03,4.12,0.034,0.021,3.68
8/24/2017,Bến Súc,158,Low tide,8,28,20,0.03,3.99,0.075,0.017,4.002
8/24/2017,Bến Súc,158,High tide,8,29.3,26,0.03,5.11,0.073,0.015,4.002
12/20/2017,Bến Súc,158,High tide,12,28.6,34,0.02,4.59,0.158,0.003,3.89
3/27/2017,Phú Cường,116,Low tide,3,28.7,76,0.11,,0.201,,4.926
10/9/2017,Phú Cường,116,High tide,10,29.9,32,0.05,,0.689,,3.932
10/9/2017,Phú Cường,116,Low tide,10,28.4,46,0.05,,0.644,,3.904
5/15/2018,Phú Cường,116,High tide,5,29.6,55,0.07,,0.77,0.1,8.692
8/24/2017,Phú Cường,116,Low tide,8,29.9,26,0.04,,0.463,0.094,3.96
10/12/2018,Phú Cường,116,High tide,10,28.3,64,0.11,,0.39,0.09,9.098
5/29/2017,Phú Cường,116,Low tide,5,29.5,41,0.05,,0.621,0.089,3.582
5/29/2017,Phú Cường,116,High tide,5,29.4,75,0.05,,0.689,0.087,3.624
5/15/2018,Phú Cường,116,Low tide,5,29.8,53,0.07,,0.74,0.09,6.578
10/12/2018,Phú Cường,116,Low tide,10,29.9,56,0.1,,0.05,0.08,3.974
8/24/2017,Phú Cường,116,High tide,8,28.3,33,0.04,,0.475,0.082,3.792
11/11/2017,Phú Cường,116,High tide,11,28.5,33,0.05,,0.634,0.078,3.876
11/11/2017,Phú Cường,116,Low tide,11,29.9,35,0.05,,0.656,0.076,4.128
6/26/2017,Phú Cường,116,Low tide,6,29.7,85,0.04,,0.353,0.075,5.836
12/11/2018,Phú Cường,116,High tide,12,29.8,104,,,0.46,0.07,4.31
12/11/2018,Phú Cường,116,Low tide,12,28,64,,,0.32,0.07,4.702
7/25/2017,Phú Cường,116,High tide,7,29.7,79,0.05,,0.43,0.067,4.38
7/25/2017,Phú Cường,116,Low tide,7,30,53,0.05,,1.646,0.064,5.136
12/6/2017,Phú Cường,116,Low tide,12,29.2,27,0.06,,1.079,0.064,4.044
6/26/2017,Phú Cường,116,High tide,6,28.2,93,0.04,,0.371,0.064,6.41
1/15/2018,Phú Cường,116,High tide,1,29.2,28,0.08,,1.67,0.06,5.71
12/6/2017,Phú Cường,116,High tide,12,29.3,39,0.06,,1.097,0.06,4.17
3/16/2018,Phú Cường,116,High tide,3,28.3,11,0.06,,0.25,0.06,4.52
1/15/2018,Phú Cường,116,Low tide,1,29.4,32,0.07,,1.59,0.06,6.004
11/11/2018,Phú Cường,116,Low tide,11,29.1,52,,,0.17,0.05,4.044
4/28/2017,Phú Cường,116,Low tide,4,29.2,43,0.08,,0.259,0.044,5.402
4/28/2017,Phú Cường,116,High tide,4,28.6,86,0.08,,0.248,0.044,6.522
4/15/2018,Phú Cường,116,High tide,4,28.6,46,0.1,,0,0.04,3.848
3/16/2018,Phú Cường,116,Low tide,3,28.9,19,0.06,,0.24,0.04,4.31
4/15/2018,Phú Cường,116,Low tide,4,28.9,45,0.09,,0,0.04,3.68
3/27/2017,Phú Cường,116,High tide,3,28.2,69,0.11,,0.157,0.03,3.904
11/11/2018,Phú Cường,116,High tide,11,29.2,122,,,0.11,0.03,4.73
9/22/2017,Phú Cường,116,High tide,9,28.7,47,0.04,,0.402,0.03,4.086
2/14/2018,Phú Cường,116,High tide,2,28.7,41,0.06,,0.54,0.03,4.45
9/22/2017,Phú Cường,116,Low tide,9,29.2,46,0.04,,0.411,0.026,3.624
2/14/2018,Phú Cường,116,Low tide,2,28.5,48,0.06,,0.53,0.03,4.24
9/12/2018,Phú Cường,116,High tide,9,28.9,88,0.05,,0.63,0.02,3.876
9/12/2018,Phú Cường,116,Low tide,9,28.5,60,0.06,,0.76,0.02,6.522
2/12/2017,Phú Cường,116,Low tide,2,29,114,0.07,,0.227,0.02,3.274
2/12/2017,Phú Cường,116,High tide,2,29.1,101,0.07,,0.242,0.015,3.106
1/15/2017,Phú Cường,116,High tide,1,29.6,34,0.06,,0.108,0.01,3.4
1/15/2017,Phú Cường,116,Low tide,1,29.7,45,0.06,,0.067,0.01,4.072
12/11/2018,Bình Lợi,90,High tide,12,30,52,,,2.63,0.15,
9/12/2018,Bình Lợi,90,High tide,9,29.6,62,0.15,,0,0.03,
4/15/2018,Bình Lợi,90,Low tide,4,29.3,2,0.52,,1.96,0.14,
2/14/2018,Bình Lợi,90,High tide,2,29.6,56,0.55,,3.01,0.05,
4/28/2017,Bình Lợi,90,Low tide,4,29.7,79,0.44,,1.066,0.056,
10/12/2018,Bình Lợi,90,Low tide,10,29.1,42,0.14,,0.54,0.02,
12/11/2018,Bình Lợi,90,Low tide,12,29.6,103,,,1.95,0.09,
11/11/2018,Bình Lợi,90,Low tide,11,29,77,,,1.58,0.05,
10/9/2017,Bình Lợi,90,High tide,10,29.6,50,0.11,,1.778,0.128,
4/15/2018,Bình Lợi,90,High tide,4,29.1,68,0.66,,0,0.02,
3/16/2018,Bình Lợi,90,High tide,3,29.1,31,0.8,,0.29,0.02,
12/6/2017,Bình Lợi,90,High tide,12,29.8,47,0.11,,2.658,0.099,
3/27/2017,Bình Lợi,90,High tide,3,29.2,35,1.81,,0.206,0.061,
11/11/2018,Bình Lợi,90,High tide,11,29.7,57,,,1.27,0.04,
10/12/2018,Bình Lợi,90,High tide,10,29.2,106,0.13,,0.41,0.02,
6/26/2017,Bình Lợi,90,Low tide,6,29.2,79,0.05,,0.778,0.174,
3/16/2018,Bình Lợi,90,Low tide,3,30,71,0.59,,0.42,0.04,
2/14/2018,Bình Lợi,90,Low tide,2,29.8,68,0.71,,2.58,0.02,
8/24/2017,Bình Lợi,90,Low tide,8,29.4,55,0.09,,1.993,0.078,
9/12/2018,Bình Lợi,90,Low tide,9,29.1,82,0.09,,1.21,0.03,
5/15/2018,Bình Lợi,90,High tide,5,29.3,45,0.19,,1.3,0.11,
5/15/2018,Bình Lợi,90,Low tide,5,28.1,77,0.13,,1.29,0.08,
8/24/2017,Bình Lợi,90,High tide,8,29.2,44,0.08,,1.943,0.061,
1/15/2018,Bình Lợi,90,Low tide,1,28.7,18,0.53,,4.62,0.06,
7/25/2017,Bình Lợi,90,High tide,7,29,34,0.08,,1.788,0.065,
1/15/2018,Bình Lợi,90,High tide,1,29.8,36,0.62,,4.65,0.05,
5/29/2017,Bình Lợi,90,High tide,5,28.4,20,0.1,,2.266,0.175,
5/29/2017,Bình Lợi,90,Low tide,5,29.6,53,0.11,,2.213,0.238,
12/6/2017,Bình Lợi,90,Low tide,12,29.5,50,0.12,,2.893,0.093,
4/28/2017,Bình Lợi,90,High tide,4,28.8,80,0.55,,0.478,0.022,
10/9/2017,Bình Lợi,90,Low tide,10,28.5,45,0.09,,1.862,0.11,
3/27/2017,Bình Lợi,90,Low tide,3,29.3,22,1.54,,0.256,0.065,
6/26/2017,Bình Lợi,90,High tide,6,28.3,82,0.05,,0.943,0.073,
9/22/2017,Bình Lợi,90,High tide,9,28.3,48,0.07,,1.232,0.044,
9/22/2017,Bình Lợi,90,Low tide,9,28.5,53,0.07,,1.109,0.031,
11/11/2017,Bình Lợi,90,Low tide,11,28.9,49,0.08,,2.121,0.065,
7/25/2017,Bình Lợi,90,Low tide,7,28.7,48,0.08,,3.786,0.071,
11/11/2017,Bình Lợi,90,High tide,11,29.4,46,0.09,,2.045,0.063,
2/12/2017,Bình Lợi,90,Low tide,2,29.9,82,1.03,,0.323,0.008,
1/15/2017,Bình Lợi,90,Low tide,1,28.3,101,0.07,,0.456,0.003,
1/15/2017,Bình Lợi,90,High tide,1,29.7,107,0.06,,0.416,0.005,
2/12/2017,Bình Lợi,90,High tide,2,28.5,68,0.97,,0.296,0.018,
5/15/2018,Sài Gòn,72,High tide,5,29.3,35,0.22,,1.32,0.06,11.156
3/27/2017,Sài Gòn,72,High tide,3,28.8,63,1.93,,0.19,0.037,5.094
5/15/2018,Sài Gòn,72,Low tide,5,28.6,69,0.22,,1.66,0.07,17.498
12/11/2018,Sài Gòn,72,High tide,12,29.9,84,,,0.11,0.05,5.696
4/15/2018,Sài Gòn,72,High tide,4,28.8,49,0.65,,0,0.03,4.632
1/15/2018,Sài Gòn,72,Low tide,1,28.3,41,1.31,,1.97,0.34,12.556
3/16/2018,Sài Gòn,72,Low tide,3,28.5,115,1.5,,0.76,0.08,8.594
10/12/2018,Sài Gòn,72,High tide,10,29.5,157,0.27,,0.52,0.13,5.64
12/11/2018,Sài Gòn,72,Low tide,12,29.2,63,,,2.69,0.21,4.478
8/24/2017,Sài Gòn,72,High tide,8,29.6,28,0.68,,1.92,0.028,4.478
4/15/2018,Sài Gòn,72,Low tide,4,28.4,55,0.66,,0,0.03,4.366
1/15/2018,Sài Gòn,72,High tide,1,29.1,48,1.63,,1.31,0.24,3.736
3/16/2018,Sài Gòn,72,High tide,3,28.8,44,2.16,,0.3,0.04,4.31
8/24/2017,Sài Gòn,72,Low tide,8,29.8,35,0.82,,1.877,0.028,7.432
2/14/2018,Sài Gòn,72,High tide,2,28.8,61,0.98,,2.78,0.01,8.692
1/15/2017,Sài Gòn,72,Low tide,1,29.1,169,0.94,,2.177,0.019,7.894
9/22/2017,Sài Gòn,72,Low tide,9,28.2,42,0.18,,0,0.03,3.82
11/11/2018,Sài Gòn,72,Low tide,11,28.4,28,,,0.33,0.25,10.904
11/11/2018,Sài Gòn,72,High tide,11,28.7,47,,,4.75,0.05,4.17
10/9/2017,Sài Gòn,72,High tide,10,29.9,77,0.27,,2.012,0.07,7.32
2/14/2018,Sài Gòn,72,Low tide,2,28.1,113,1.23,,2.75,0.03,8.02
7/25/2017,Sài Gòn,72,Low tide,7,28.1,73,0.24,,0.823,0.102,6.452
5/29/2017,Sài Gòn,72,High tide,5,28.7,95,0.13,,2.913,0.147,7.782
10/12/2018,Sài Gòn,72,Low tide,10,28.5,319,0.39,,0.32,0.16,12.822
10/9/2017,Sài Gòn,72,Low tide,10,28.9,54,0.74,,1.822,0.189,8.132
3/27/2017,Sài Gòn,72,Low tide,3,28.8,133,2.62,,0.311,0.051,5.01
7/25/2017,Sài Gòn,72,High tide,7,28.4,94,0.26,,1.22,0.078,6.326
12/6/2017,Sài Gòn,72,High tide,12,29.7,101,0.26,,2.859,0.113,5.57
1/15/2017,Sài Gòn,72,High tide,1,28.9,92,0.5,,2.268,0.08,5.752
4/28/2017,Sài Gòn,72,Low tide,4,28.6,58,0.67,,0.106,0.075,3.806
4/28/2017,Sài Gòn,72,High tide,4,29.4,47,0.6,,0.29,0.038,3.974
5/29/2017,Sài Gòn,72,Low tide,5,28.8,59,0.17,,2.327,0.113,7.236
9/22/2017,Sài Gòn,72,High tide,9,29.6,55,0.84,,1.341,0.039,4.002
11/11/2017,Sài Gòn,72,High tide,11,28,46,0.09,,2.146,0.054,3.96
12/6/2017,Sài Gòn,72,Low tide,12,28.2,93,0.31,,2.96,0.115,4.38
6/26/2017,Sài Gòn,72,High tide,6,29.8,85,0.23,,0.998,0.14,4.142
11/11/2017,Sài Gòn,72,Low tide,11,30,49,0.1,,2.196,0.069,5.36
6/26/2017,Sài Gòn,72,Low tide,6,28.3,59,0.33,,1.675,0.14,4.058
2/12/2017,Sài Gòn,72,Low tide,2,29.6,79,1.69,,0.322,0.013,3.54
9/12/2018,Sài Gòn,72,High tide,9,28.8,56,0.1,,0.36,0.03,6.886
9/12/2018,Sài Gòn,72,Low tide,9,28.8,108,0.11,,1.74,0.03,7.292
2/12/2017,Sài Gòn,72,High tide,2,30,76,2.72,,0.234,0.013,3.498
2/14/2018,Nhà Bè,46,Low tide,2,28.9,61,4.94,,0.16,0.01,4.205
5/15/2018,Nhà Bè,46,High tide,5,29.1,47,2.26,,0.08,0.02,3.743
9/12/2018,Nhà Bè,46,High tide,9,29.5,67,0.06,,0,0.05,3.876
1/15/2018,Nhà Bè,46,High tide,1,28.8,37,4.8,,0.05,0.03,3.792
5/15/2018,Nhà Bè,46,Low tide,5,29.7,224,1.87,,0.02,0.03,4.478
2/14/2018,Nhà Bè,46,High tide,2,28.8,61,4.65,,0.04,0.01,4.142
12/11/2018,Nhà Bè,46,High tide,12,29.5,37.5,,,0.05,0.04,4.156
3/16/2018,Nhà Bè,46,High tide,3,28.9,31,3.63,,0.09,0.03,4.485
12/11/2018,Nhà Bè,46,Low tide,12,28.5,83,,,0.07,0.22,3.918
4/15/2018,Nhà Bè,46,High tide,4,29.2,69,3.43,,0.09,0.03,3.75
1/15/2018,Nhà Bè,46,Low tide,1,29.8,153,3.32,,0,0.03,3.813
4/15/2018,Nhà Bè,46,Low tide,4,29.6,80,2.62,,0.03,0.04,4.282
10/12/2018,Nhà Bè,46,Low tide,10,28.8,108,4.78,,0.06,0.03,4.009
11/11/2018,Nhà Bè,46,Low tide,11,29.6,260,,,0.03,0.04,4.632
10/12/2018,Nhà Bè,46,High tide,10,29.7,68,2.79,,0.05,0.03,4.079
9/12/2018,Nhà Bè,46,Low tide,9,29.1,169,0.07,,0,0.06,3.743
3/16/2018,Nhà Bè,46,Low tide,3,29.1,145,4.27,,0.09,0.02,4.317
11/11/2018,Nhà Bè,46,High tide,11,29.4,58,,,0.03,0.05,5.325
1/2/2017,Vàm Sát,26,High tide,1,28.8,508,13.89,4.92,0,0.03,7.026
1/2/2017,Vàm Sát,26,Low tide,1,28.2,732,17,3.69,0.023,0.03,6.508
1/15/2017,Vàm Sát,26,High tide,1,29.6,600,10.02,4.37,0,0.003,3.036
1/15/2017,Vàm Sát,26,Low tide,1,28.7,414,16.19,4.12,0,0.001,3.554
2/12/2017,Vàm Sát,26,High tide,2,29.4,560,13.54,5.76,0.199,0.038,3.4
2/12/2017,Vàm Sát,26,Low tide,2,28.6,1206,13.82,6.67,0.214,0.045,3.498
2/26/2017,Vàm Sát,26,High tide,2,28.5,390,15.91,4.52,0.02,0.029,3.414
2/26/2017,Vàm Sát,26,Low tide,2,28.6,224,14.2,5.66,0.056,0.043,3.288
3/15/2017,Vàm Sát,26,High tide,3,28.6,332,12.25,4.59,0,0.029,3.568
3/15/2017,Vàm Sát,26,Low tide,3,28.7,141,16.17,3.93,0,0.041,3.274
3/27/2017,Vàm Sát,26,High tide,3,29.2,352,15.22,6.82,0.064,0.051,3.596
3/27/2017,Vàm Sát,26,Low tide,3,29.5,388,19.78,6.39,0.026,0.053,3.344
4/12/2017,Vàm Sát,26,High tide,4,29.3,476,12.25,4.98,0.122,0.048,3.848
4/12/2017,Vàm Sát,26,Low tide,4,28.9,122,8.85,4.72,0.035,0.04,3.54
4/28/2017,Vàm Sát,26,High tide,4,28.6,174,8.12,5.89,0.046,0.034,3.036
4/28/2017,Vàm Sát,26,Low tide,4,28.2,604,13.85,4.55,0.069,0.035,4.702
5/15/2017,Vàm Sát,26,High tide,5,28.5,178,3.92,5.73,0.077,0.042,3.876
5/15/2017,Vàm Sát,26,Low tide,5,29.2,88,5.82,5.89,0.054,0.086,3.792
5/29/2017,Vàm Sát,26,High tide,5,29.9,268,6.6,3.9,0.005,0.089,3.47
5/29/2017,Vàm Sát,26,Low tide,5,28.9,290,6.68,4.1,0.053,0.1,3.82
6/12/2017,Vàm Sát,26,High tide,6,29.9,94,7.74,6,0.113,0.088,3.988
6/12/2017,Vàm Sát,26,Low tide,6,29.3,238,5.73,6.85,0.023,0.049,3.652
6/26/2017,Vàm Sát,26,High tide,6,29.5,173,4.08,5.14,0.016,0.025,4.058
6/26/2017,Vàm Sát,26,Low tide,6,28.9,139,4.15,3.89,0.014,0.062,4.184
7/11/2017,Vàm Sát,26,High tide,7,29.9,21,4.97,6.45,0,0.029,3.974
7/11/2017,Vàm Sát,26,Low tide,7,29.8,46,10.48,3.76,0.015,0.045,3.596
7/25/2017,Vàm Sát,26,High tide,7,28.8,51,2.65,4.31,0,0.033,3.834
7/25/2017,Vàm Sát,26,Low tide,7,29.7,224,5.15,4.31,0,0.033,4.254
8/10/2017,Vàm Sát,26,High tide,8,28.1,15,2.08,3.41,0.029,0.022,3.792
8/10/2017,Vàm Sát,26,Low tide,8,28.8,43,3.93,3.63,0.024,0.018,3.834
8/24/2017,Vàm Sát,26,High tide,8,28.8,69,1.88,3.28,0.003,0.021,4.086
8/24/2017,Vàm Sát,26,Low tide,8,28,108,4.33,3.28,0.003,0.017,4.002
9/7/2017,Vàm Sát,26,High tide,9,28.7,46,2.21,4.18,0.016,0.031,4.324
9/7/2017,Vàm Sát,26,Low tide,9,29,102,6.19,3.66,0.023,0.029,4.282
9/22/2017,Vàm Sát,26,High tide,9,29.3,150,1.09,3.38,0.071,0.022,4.044
9/22/2017,Vàm Sát,26,Low tide,9,29.4,576,4.12,5.14,0.167,0.024,7.544
10/9/2017,Vàm Sát,26,High tide,10,29.1,91,0.05,6.23,0.009,0.099,4.576
10/9/2017,Vàm Sát,26,Low tide,10,29.6,78,0.05,4.95,0.001,0.092,4.324
10/23/2017,Vàm Sát,26,High tide,10,29,91,0.31,4.72,0.014,0.049,4.002
10/23/2017,Vàm Sát,26,Low tide,10,29.1,72,0.13,4.19,0.01,0.049,3.876
11/11/2017,Vàm Sát,26,High tide,11,29.3,462,3.77,5.2,0.016,0.026,5.99
11/11/2017,Vàm Sát,26,Low tide,11,29.3,558,6.17,5.11,0.017,0.026,3.876
11/21/2017,Vàm Sát,26,High tide,11,30,101,0.72,5.75,0.001,0.022,4.324
11/21/2017,Vàm Sát,26,Low tide,11,29.9,109,4.8,5.27,0,0.026,3.778
12/6/2017,Vàm Sát,26,High tide,12,28.3,570,8.67,4.15,0.001,0.016,4.338
12/6/2017,Vàm Sát,26,Low tide,12,29.4,109,15.26,4.18,0,0.024,4.254
12/20/2017,Vàm Sát,26,High tide,12,28.5,172,7.31,3.62,0.027,0.013,4.03
12/20/2017,Vàm Sát,26,Low tide,12,29,86,13.12,3.49,0.016,0.011,3.176
1/15/2018,Vàm Sát,26,High tide,1,28.8,318,10.92,5.65,0.05,0.03,3.575
1/15/2018,Vàm Sát,26,Low tide,1,29.3,80,14.64,5.8,0.02,0.03,3.946
2/14/2018,Vàm Sát,26,High tide,2,29.4,107,12.53,4.83,0.11,0.02,4.184
2/14/2018,Vàm Sát,26,Low tide,2,29.8,109,14.9,4.43,0.12,0.02,4.058
3/16/2018,Vàm Sát,26,High tide,3,28.7,366,14.38,5.68,0,0.04,4.142
3/16/2018,Vàm Sát,26,Low tide,3,29.7,507,15.76,5.28,0,0.04,4.191
4/15/2018,Vàm Sát,26,High tide,4,28.9,181,12.08,4.87,0,0.06,4.149
4/15/2018,Vàm Sát,26,Low tide,4,29.3,205,12.94,4.77,0,0.05,3.666
5/15/2018,Vàm Sát,26,High tide,5,29.2,39,7.26,5.05,0.08,0.03,3.288
5/15/2018,Vàm Sát,26,Low tide,5,29.3,191,9.13,4.91,0.17,0.05,3.526
9/12/2018,Vàm Sát,26,High tide,9,29.4,102,0.86,4.01,0.09,0.05,3.659
9/12/2018,Vàm Sát,26,Low tide,9,28.9,308,2.01,4.7,0,0.07,4.597
10/12/2018,Vàm Sát,26,High tide,10,28.8,109,0.48,5.09,0.08,0.04,5.227
10/12/2018,Vàm Sát,26,Low tide,10,29,167,2.57,4.04,0.13,0.03,5.297
11/11/2018,Vàm Sát,26,High tide,11,28.7,43,,4.31,0.49,0.08,6.557
11/11/2018,Vàm Sát,26,Low tide,11,29.2,28,,3.57,0.53,0.09,3.848
12/11/2018,Vàm Sát,26,High tide,12,28.9,71,,5.71,0.1,0.09,4.114
12/11/2018,Vàm Sát,26,Low tide,12,29.1,460,,5.72,0.04,0.05,3.876
2/12/2017,Ngã Bảy,2,Low tide,2,29.5,208,23.55,,0.062,0.004,3.358
2/12/2017,Ngã Bảy,2,High tide,2,28.3,118,25.85,,0.025,0.015,3.498
10/9/2017,Ngã Bảy,2,Low tide,10,29.2,155,15.53,3.35,0.018,0.044,4.002
9/12/2018,Đồng Tranh,2,High tide,9,29.3,91,15.78,3.83,0,0.02,3.918
9/12/2018,Đồng Tranh,2,Low tide,9,28.4,99,15.22,4,0,0.02,3.694
11/11/2017,Ngã Bảy,2,Low tide,11,29.3,71,20.3,4.27,0,0.026,3.918
1/15/2017,Ngã Bảy,2,High tide,1,28.3,168,27.1,4.28,0,0.007,3.806
11/11/2018,Đồng Tranh,2,Low tide,11,29,36,,4.59,0.08,0.03,7.208
5/29/2017,Ngã Bảy,2,Low tide,5,30,153,19.1,4.68,0.043,0.071,4.044
1/15/2017,Ngã Bảy,2,Low tide,1,29.6,196,23.3,4.73,0,0.016,3.512
5/15/2018,Đồng Tranh,2,High tide,5,28,308,18.29,4.92,0.05,0.06,3.554
8/24/2017,Ngã Bảy,2,Low tide,8,29,153,17.62,4.95,0.015,0.03,3.624
12/6/2017,Ngã Bảy,2,Low tide,12,29.7,249,21.1,4.99,0.022,0.011,3.876
3/16/2018,Đồng Tranh,2,Low tide,3,29.1,67,24.3,5,0,0.06,4.268
7/25/2017,Ngã Bảy,2,Low tide,7,28,331,19.08,5.01,0,0.069,4.002
9/22/2017,Ngã Bảy,2,Low tide,9,29.8,81,17.59,5.11,0.019,0.022,3.876
11/11/2017,Ngã Bảy,2,High tide,11,28.2,68,25.4,5.11,0,0.03,3.666
5/15/2018,Đồng Tranh,2,Low tide,5,28.1,231,18.42,5.12,0,0.06,3.302
10/9/2017,Ngã Bảy,2,High tide,10,29.1,109,21.7,5.14,0.001,0.051,3.638
12/11/2018,Đồng Tranh,2,High tide,12,29.9,54,,5.16,0.19,0.07,4.128
12/11/2018,Đồng Tranh,2,Low tide,12,29.8,57,,5.19,0.68,0.06,4.352
6/26/2017,Ngã Bảy,2,Low tide,6,29.5,130,17.35,5.27,0.009,0.029,3.932
7/25/2017,Ngã Bảy,2,High tide,7,29.5,159,24.31,5.3,0,0.055,3.918
4/15/2018,Đồng Tranh,2,High tide,4,28.8,162,25.1,5.43,0,0.03,3.764
3/16/2018,Đồng Tranh,2,High tide,3,29.9,78,25.1,5.52,0,0.04,4.436
2/14/2018,Đồng Tranh,2,Low tide,2,29.7,146,22.35,5.55,0,0.01,3.89
12/6/2017,Ngã Bảy,2,High tide,12,29.7,54,26.1,5.56,0.016,0.011,4.212
9/22/2017,Ngã Bảy,2,High tide,9,29,178,22.8,5.59,0.144,0.017,4.17
11/11/2018,Đồng Tranh,2,High tide,11,29.1,42,,5.63,0,0.11,4.87
1/15/2018,Đồng Tranh,2,Low tide,1,29.1,95,21.5,5.68,0.04,0.03,3.862
1/15/2018,Đồng Tranh,2,High tide,1,28,6,19.75,5.75,0.14,0.08,3.554
5/29/2017,Ngã Bảy,2,High tide,5,29.6,219,22.9,5.79,0.009,0.086,4.128
8/24/2017,Ngã Bảy,2,High tide,8,29,129,22.7,5.84,0.012,0.026,3.792
2/14/2018,Đồng Tranh,2,High tide,2,29.4,61,19.98,5.84,0,0.02,3.904
4/15/2018,Đồng Tranh,2,Low tide,4,29.1,157,22.1,5.86,0,0.03,3.89
10/12/2018,Đồng Tranh,2,High tide,10,29,53,22.5,5.9,0.06,0.02,4.016
10/12/2018,Đồng Tranh,2,Low tide,10,28.3,128,17.1,5.93,0.05,0.03,4.184
3/27/2017,Ngã Bảy,2,Low tide,3,29.6,418,26.6,6.08,0.038,0.063,3.554
3/27/2017,Ngã Bảy,2,High tide,3,29,202,26.9,6.39,0.195,0.021,3.764
6/26/2017,Ngã Bảy,2,High tide,6,29.6,243,23.9,6.42,0.012,0.033,4.296
4/28/2017,Ngã Bảy,2,Low tide,4,28.4,330,19.84,6.71,0.11,0.06,3.764
4/28/2017,Ngã Bảy,2,High tide,4,29,368,23.8,7.04,0.039,0.02,3.54
